date,stock,strategy,operation,price,size,capital,profit_gross,profit_net
2021-01-20,MSFT,SMAStrategy10,BUY,208.89179464606343,48,100604.28994674297,,
2021-01-20,GOOGL,SMAStrategy10,BUY,90.63369841737502,112,100604.28994674297,,
2021-01-21,AAPL,SMAStrategy10,BUY,130.2479286583061,78,100889.08499528181,,
2021-01-28,GOOGL,SMAStrategy10,SELL,90.86346464048778,-112,101253.34827183285,,
2021-01-28,GOOGL,SMAStrategy10,TRADE_CLOSE,,0,101253.34827183285,25.733816988629314,25.733816988629314
2021-01-29,GOOGL,SMAStrategy10,BUY,91.0133261797353,110,100506.45894540669,,
2021-02-01,AAPL,SMAStrategy10,SELL,130.19924214528973,-78,101090.60539823584,,
2021-02-01,GOOGL,SMAStrategy10,SELL,91.53786168051741,-110,101090.60539823584,,
2021-02-01,AAPL,SMAStrategy10,TRADE_CLOSE,,0,101090.60539823584,-3.7975480152774708,-3.7975480152774708
2021-02-01,GOOGL,SMAStrategy10,TRADE_CLOSE,,0,101090.60539823584,57.69890508603183,57.69890508603183
2021-02-02,GOOGL,SMAStrategy10,BUY,94.93916613642043,107,101115.96548223456,,
2021-02-03,TSLA,SMAStrategy10,BUY,292.3399963378906,34,101765.74314641913,,
2021-02-05,TSLA,SMAStrategy10,SELL,281.6666564941406,-34,101778.10529088935,,
2021-02-05,TSLA,SMAStrategy10,TRADE_CLOSE,,0,101778.10529088935,-362.8935546875,-362.8935546875
2021-02-09,AAPL,SMAStrategy10,BUY,133.19180084894626,76,101667.82239457012,,
2021-02-09,TSLA,SMAStrategy10,BUY,285.0400085449219,35,101667.82239457012,,
2021-02-11,TSLA,SMAStrategy10,SELL,270.8133239746094,-35,101274.820052346,,
2021-02-11,TSLA,SMAStrategy10,TRADE_CLOSE,,0,101274.820052346,-497.9339599609375,-497.9339599609375
2021-02-12,AAPL,SMAStrategy10,SELL,130.97873504321333,-76,101273.40404990755,,
2021-02-12,AAPL,SMAStrategy10,TRADE_CLOSE,,0,101273.40404990755,-168.19300123570224,-168.19300123570224
2021-02-22,GOOGL,SMAStrategy10,TRADE_CLOSE,,0,100729.9417921787,745.8791526491472,745.8791526491472
2021-02-22,MSFT,SMAStrategy10,TRADE_CLOSE,,0,100729.9417921787,933.4479813543021,933.4479813543021
2021-02-22,MSFT,SMAStrategy10,SELL,228.33862759094472,-48,100729.9417921787,,
2021-02-22,GOOGL,SMAStrategy10,SELL,101.9099993387489,-107,100729.9417921787,,
2021-03-02,MSFT,SMAStrategy30,BUY,227.94431703214215,44,100340.4708962239,,
2021-03-02,AAPL,SMAStrategy10,BUY,125.1877989106143,80,100340.4708962239,,
2021-03-03,MSFT,SMAStrategy30,TRADE_CLOSE,,0,100243.93029276602,-205.23885610037212,-205.23885610037212
2021-03-03,MSFT,SMAStrategy30,SELL,223.27979757531554,-44,100243.93029276602,,
2021-03-03,AAPL,SMAStrategy10,TRADE_CLOSE,,0,100243.93029276602,-280.77264331230253,-280.77264331230253
2021-03-03,AAPL,SMAStrategy10,SELL,121.67814086921052,-80,100243.93029276602,,
2021-03-08,GOOGL,SMAStrategy10,BUY,103.42158052102566,96,99879.19782056005,,
2021-03-09,GOOGL,SMAStrategy10,SELL,101.71893700927107,-96,100080.47651563757,,
2021-03-09,GOOGL,SMAStrategy10,TRADE_CLOSE,,0,100080.47651563757,-163.45377712844038,-163.45377712844038
2021-03-10,MSFT,SMAStrategy10,BUY,227.93469235603732,44,99291.20851908039,,
2021-03-10,GOOGL,SMAStrategy30,BUY,102.29708138284172,98,99291.20851908039,,
2021-03-10,TSLA,SMAStrategy10,BUY,233.43333435058594,44,99291.20851908039,,
2021-03-12,AAPL,SMAStrategy10,BUY,117.37878469780301,84,99873.50965256414,,
2021-03-12,GOOGL,SMAStrategy10,BUY,103.04194682941647,96,99873.50965256414,,
2021-03-12,MSFT,SMAStrategy30,BUY,225.05903321453633,43,99873.50965256414,,
2021-03-15,MSFT,SMAStrategy30,TRADE_CLOSE,,0,100038.27611449387,39.28904621199692,39.28904621199692
2021-03-15,MSFT,SMAStrategy30,SELL,225.97273196365254,-43,100038.27611449387,,
2021-03-15,AAPL,SMAStrategy10,TRADE_CLOSE,,0,100038.27611449387,82.71344831723997,82.71344831723997
2021-03-15,GOOGL,SMAStrategy10,TRADE_CLOSE,,0,100038.27611449387,-149.73276593704713,-149.73276593704713
2021-03-15,AAPL,SMAStrategy10,SELL,118.3634686063416,-84,100038.27611449387,,
2021-03-15,GOOGL,SMAStrategy10,SELL,101.48223051757223,-96,100038.27611449387,,
2021-03-16,GOOGL,SMAStrategy30,TRADE_CLOSE,,0,99838.27933426818,22.321010147435686,22.321010147435686
2021-03-16,GOOGL,SMAStrategy30,SELL,102.52484679250944,-98,99838.27933426818,,
2021-03-16,AAPL,SMAStrategy10,BUY,122.5457949733959,82,99838.27933426818,,
2021-03-16,GOOGL,SMAStrategy10,BUY,102.52484679250944,98,99838.27933426818,,
2021-03-17,GOOGL,SMAStrategy30,BUY,102.64792444093051,96,100205.00328731025,,
2021-03-17,MSFT,SMAStrategy30,BUY,227.11720307886736,43,100205.00328731025,,
2021-03-19,GOOGL,SMAStrategy30,TRADE_CLOSE,,0,97997.70011080182,-184.5570478767304,-184.5570478767304
2021-03-19,MSFT,SMAStrategy30,TRADE_CLOSE,,0,97997.70011080182,-212.15079403000155,-212.15079403000155
2021-03-19,GOOGL,SMAStrategy30,SELL,100.72545519221457,-96,97997.70011080182,,
2021-03-19,MSFT,SMAStrategy30,SELL,222.18346368282081,-43,97997.70011080182,,
2021-03-19,MSFT,SMAStrategy10,SELL,222.18346368282081,-44,97997.70011080182,,
2021-03-19,GOOGL,SMAStrategy10,SELL,100.72545519221457,-98,97997.70011080182,,
2021-03-19,TSLA,SMAStrategy10,TRADE_CLOSE,,0,97997.70011080182,-787.5997314453125,-787.5997314453125
2021-03-19,GOOGL,SMAStrategy10,TRADE_CLOSE,,0,97997.70011080182,-176.34037682889706,-176.34037682889706
2021-03-19,MSFT,SMAStrategy10,TRADE_CLOSE,,0,97997.70011080182,-253.0540616215261,-253.0540616215261
2021-03-19,AAPL,SMAStrategy10,TRADE_CLOSE,,0,97997.70011080182,-463.6651317729072,-463.6651317729072
2021-03-19,TSLA,SMAStrategy10,SELL,215.53334045410156,-44,97997.70011080182,,
2021-03-19,AAPL,SMAStrategy10,SELL,116.89134214689702,-82,97997.70011080182,,
2021-03-23,MSFT,SMAStrategy10,BUY,228.4059692318967,43,97939.03756469727,,
2021-03-23,AAPL,SMAStrategy10,BUY,120.23527288356823,81,97939.03756469727,,
2021-03-24,MSFT,SMAStrategy30,BUY,228.75216387790152,42,97561.3526571672,,
2021-03-25,MSFT,SMAStrategy30,TRADE_CLOSE,,0,97382.43174702255,-103.0023186360184,-103.0023186360184
2021-03-25,AAPL,SMAStrategy10,TRADE_CLOSE,,0,97382.43174702255,-299.2858696365355,-299.2858696365355
2021-03-25,AAPL,SMAStrategy10,SELL,116.54038560410484,-81,97382.43174702255,,
2021-03-25,MSFT,SMAStrategy30,SELL,226.2997277199011,-42,97382.43174702255,,
2021-03-26,MSFT,SMAStrategy10,TRADE_CLOSE,,0,97349.76074817714,-245.65117435212838,-245.65117435212838
2021-03-26,MSFT,SMAStrategy10,SELL,222.6931512237077,-43,97349.76074817714,,
2021-03-29,MSFT,SMAStrategy30,BUY,227.54035768263333,42,97240.69907197657,,
2021-03-29,MSFT,SMAStrategy10,BUY,227.54035768263333,42,97240.69907197657,,
2021-03-30,MSFT,GoldenCrossStrategy1030,BUY,224.59739127966427,42,96868.27863979351,,
2021-03-30,GOOGL,SMAStrategy10,BUY,101.87922713070154,95,96868.27863979351,,
2021-03-31,MSFT,SMAStrategy10,TRADE_CLOSE,,0,97072.39801791591,-148.64736660050596,-148.64736660050596
2021-03-31,MSFT,GoldenCrossStrategy1030,TRADE_CLOSE,,0,97072.39801791591,-25.042777675805326,-25.042777675805326
2021-03-31,MSFT,GoldenCrossStrategy1030,SELL,224.00113466833557,-42,97072.39801791591,,
2021-03-31,MSFT,SMAStrategy10,SELL,224.00113466833557,-42,97072.39801791591,,
2021-03-31,MSFT,SMAStrategy30,SELL,224.00113466833557,-42,97072.39801791591,,
2021-03-31,MSFT,SMAStrategy30,TRADE_CLOSE,,0,97072.39801791591,-148.64736660050596,-148.64736660050596
2021-04-01,TSLA,SMAStrategy10,BUY,229.4566650390625,43,97601.06383378038,,
2021-04-01,AAPL,SMAStrategy10,BUY,120.55699346889742,81,97601.06383378038,,
2021-04-01,MSFT,SMAStrategy10,BUY,229.3484840732753,42,97601.06383378038,,
2021-04-01,MSFT,SMAStrategy30,BUY,229.3484840732753,42,97601.06383378038,,
2021-04-01,GOOGL,SMAStrategy30,BUY,103.8280063010387,94,97601.06383378038,,
2021-04-01,MSFT,GoldenCrossStrategy1030,BUY,229.3484840732753,42,97601.06383378038,,
2021-04-05,AAPL,SMAStrategy30,BUY,120.7617388309021,81,100061.10081196364,,
2021-04-06,TSLA,SMAStrategy30,BUY,230.10000610351562,43,99899.54415607985,,
2021-04-23,AAPL,SMAStrategy10,SELL,128.843676057911,-81,104128.81054654087,,
2021-04-23,MSFT,SMAStrategy10,SELL,248.01600835044013,-42,104128.81054654087,,
2021-04-23,GOOGL,SMAStrategy10,SELL,112.49998747236313,-95,104128.81054654087,,
2021-04-23,TSLA,SMAStrategy10,SELL,239.93333435058594,-43,104128.81054654087,,
2021-04-23,GOOGL,SMAStrategy10,TRADE_CLOSE,,0,104128.81054654087,1008.9722324578514,1008.9722324578514
2021-04-23,MSFT,SMAStrategy10,TRADE_CLOSE,,0,104128.81054654087,784.0360196409217,784.0360196409217
2021-04-23,TSLA,SMAStrategy10,TRADE_CLOSE,,0,104128.81054654087,450.4967803955078,450.4967803955078
2021-04-23,AAPL,SMAStrategy10,TRADE_CLOSE,,0,104128.81054654087,671.2212897101011,671.2212897101011
2021-04-26,AAPL,SMAStrategy10,BUY,131.44668736593727,79,104377.11071915858,,
2021-04-26,MSFT,SMAStrategy10,BUY,251.6513857134404,41,104377.11071915858,,
2021-04-26,GOOGL,SMAStrategy10,BUY,114.36191465854155,91,104377.11071915858,,
2021-04-27,TSLA,SMAStrategy10,BUY,239.32000732421875,42,103537.48960252039,,
2021-04-28,TSLA,SMAStrategy10,TRADE_CLOSE,,0,102880.33075089686,-301.7000427246094,-301.7000427246094
2021-04-28,TSLA,SMAStrategy10,SELL,232.1366729736328,-42,102880.33075089686,,
2021-04-29,MSFT,SMAStrategy10,TRADE_CLOSE,,0,103025.06019495009,-244.4749010384388,-244.4749010384388
2021-04-29,AAPL,SMAStrategy10,TRADE_CLOSE,,0,103025.06019495009,126.30986827483682,126.30986827483682
2021-04-29,MSFT,SMAStrategy10,SELL,245.68858324908823,-41,103025.06019495009,,
2021-04-29,AAPL,SMAStrategy10,SELL,133.0455464580238,-79,103025.06019495009,,
2021-04-30,TSLA,SMAStrategy30,SELL,222.52999877929688,-43,102343.5766286659,,
2021-04-30,TSLA,SMAStrategy30,TRADE_CLOSE,,0,102343.5766286659,-325.51031494140625,-325.51031494140625
2021-05-03,TSLA,SMAStrategy30,BUY,234.60000610351562,43,102036.44853113173,,
2021-05-04,TSLA,SMAStrategy30,TRADE_CLOSE,,0,100919.0636586952,-356.32667541503906,-356.32667541503906
2021-05-04,TSLA,SMAStrategy30,SELL,226.31333923339844,-43,100919.0636586952,,
2021-05-05,MSFT,SMAStrategy30,SELL,239.5333781544318,-42,101159.1318811294,,
2021-05-05,AAPL,SMAStrategy30,TRADE_CLOSE,,0,101159.1318811294,420.89540087460307,420.89540087460307
2021-05-05,MSFT,SMAStrategy30,TRADE_CLOSE,,0,101159.1318811294,427.765551408573,427.765551408573
2021-05-05,AAPL,SMAStrategy30,SELL,125.9579783478725,-81,101159.1318811294,,
2021-05-05,GOOGL,SMAStrategy10,SELL,115.55836355445537,-91,101159.1318811294,,
2021-05-05,GOOGL,SMAStrategy10,TRADE_CLOSE,,0,101159.1318811294,108.87684952815873,108.87684952815873
2021-05-07,GOOGL,SMAStrategy10,BUY,117.30815282057624,87,101472.7975690696,,
2021-05-07,AAPL,SMAStrategy30,BUY,127.78323316430348,80,101472.7975690696,,
2021-05-10,MSFT,SMAStrategy30,BUY,241.27417043051173,41,100310.97411529312,,
2021-05-11,AAPL,SMAStrategy30,TRADE_CLOSE,,0,99527.96777748532,-574.2166444182533,-574.2166444182533
2021-05-11,MSFT,GoldenCrossStrategy1030,TRADE_CLOSE,,0,99527.96777748532,245.59137475901275,245.59137475901275
2021-05-11,MSFT,GoldenCrossStrategy1030,SELL,235.19589775801373,-42,99527.96777748532,,
2021-05-11,GOOGL,SMAStrategy10,SELL,111.31247266705684,-87,99527.96777748532,,
2021-05-11,AAPL,SMAStrategy30,SELL,120.60552510907533,-80,99527.96777748532,,
2021-05-11,MSFT,SMAStrategy30,TRADE_CLOSE,,0,99527.96777748532,-249.20917957241926,-249.20917957241926
2021-05-11,GOOGL,SMAStrategy10,TRADE_CLOSE,,0,99527.96777748532,-521.624173356188,-521.624173356188
2021-05-11,MSFT,SMAStrategy30,SELL,235.1958977580137,-41,99527.96777748532,,
2021-05-13,GOOGL,SMAStrategy30,TRADE_CLOSE,,0,99322.99719557934,624.4705226958017,624.4705226958017
2021-05-13,GOOGL,SMAStrategy30,SELL,110.47130973397276,-94,99322.99719557934,,
2021-05-17,MSFT,SMAStrategy10,BUY,237.11942610822354,41,99268.97529789609,,
2021-05-18,GOOGL,SMAStrategy30,BUY,114.25422714545348,87,98967.5996161664,,
2021-05-18,MSFT,SMAStrategy10,TRADE_CLOSE,,0,98967.5996161664,-11.042854443875115,-11.042854443875115
2021-05-18,GOOGL,SMAStrategy10,BUY,114.25422714545348,87,98967.5996161664,,
2021-05-18,MSFT,SMAStrategy10,SELL,236.8500881949583,-41,98967.5996161664,,
2021-05-19,GOOGL,SMAStrategy30,SELL,110.58594292832795,-87,98673.67288735561,,
2021-05-19,GOOGL,SMAStrategy30,TRADE_CLOSE,,0,98673.67288735561,-319.14072688992127,-319.14072688992127
2021-05-19,GOOGL,SMAStrategy10,TRADE_CLOSE,,0,98673.67288735561,-319.14072688992127,-319.14072688992127
2021-05-19,GOOGL,SMAStrategy10,SELL,110.58594292832795,-87,98673.67288735561,,
2021-05-21,GOOGL,SMAStrategy30,BUY,115.00157839071795,86,98195.72614875318,,
2021-05-21,GOOGL,SMAStrategy10,BUY,115.00157839071795,86,98195.72614875318,,
2021-05-21,MSFT,SMAStrategy10,BUY,238.6501927760456,41,98195.72614875318,,
2021-05-21,AAPL,SMAStrategy10,BUY,124.8242725716539,79,98195.72614875318,,
2021-05-24,AAPL,SMAStrategy10,TRADE_CLOSE,,0,99033.30914004004,-139.63905694947607,-139.63905694947607
2021-05-24,AAPL,SMAStrategy10,SELL,123.05668957229345,-79,99033.30914004004,,
2021-05-25,TSLA,SMAStrategy10,BUY,202.43666076660156,48,98973.18172297985,,
2021-05-25,AAPL,SMAStrategy10,BUY,124.8242630592938,79,98973.18172297985,,
2021-05-26,MSFT,SMAStrategy30,BUY,242.37110449046094,40,99342.45058047079,,
2021-05-28,MSFT,SMAStrategy30,SELL,241.95660650339286,-40,98977.22350180571,,
2021-05-28,MSFT,SMAStrategy30,TRADE_CLOSE,,0,98977.22350180571,-16.579919482721834,-16.579919482721834
2021-05-28,AAPL,SMAStrategy10,TRADE_CLOSE,,0,98977.22350180571,-173.58330424457873,-173.58330424457873
2021-05-28,AAPL,SMAStrategy10,SELL,122.62700604353962,-79,98977.22350180571,,
2021-05-28,GOOGL,GoldenCrossStrategy1030,BUY,117.83070761492301,84,98977.22350180571,,
2021-06-02,MSFT,SMAStrategy10,SELL,239.19000511781942,-41,98768.91610116267,,
2021-06-02,MSFT,SMAStrategy10,TRADE_CLOSE,,0,98768.91610116267,22.132306012726815,22.132306012726815
2021-06-04,TSLA,SMAStrategy10,SELL,193.23666381835938,-48,98550.58743189673,,
2021-06-04,GOOGL,SMAStrategy10,TRADE_CLOSE,,0,98550.58743189673,221.3259638881668,221.3259638881668
2021-06-04,GOOGL,SMAStrategy10,SELL,117.57513611034778,-86,98550.58743189673,,
2021-06-04,TSLA,SMAStrategy10,TRADE_CLOSE,,0,98550.58743189673,-441.599853515625,-441.599853515625
2021-06-07,GOOGL,SMAStrategy10,BUY,118.57607279219508,82,98950.8337500825,,
2021-06-07,AAPL,SMAStrategy10,BUY,123.21294850959707,80,98950.8337500825,,
2021-06-07,MSFT,SMAStrategy10,BUY,240.97335057747244,40,98950.8337500825,,
2021-06-07,MSFT,SMAStrategy30,BUY,240.97335057747244,40,98950.8337500825,,
2021-06-08,MSFT,GoldenCrossStrategy1030,BUY,245.96672717215932,40,98772.69502818635,,
2021-06-10,AAPL,SMAStrategy30,BUY,124.04301866252895,79,99652.30287861462,,
2021-06-11,AAPL,SMAStrategy30,SELL,123.56449889504411,-79,99789.68426391833,,
2021-06-11,TSLA,SMAStrategy10,BUY,203.41000366210938,48,99789.68426391833,,
2021-06-11,AAPL,SMAStrategy30,TRADE_CLOSE,,0,99789.68426391833,-37.80306163130352,-37.80306163130352
2021-06-14,AAPL,SMAStrategy30,BUY,124.82425990854335,80,100832.15146073682,,
2021-06-16,TSLA,SMAStrategy10,TRADE_CLOSE,,0,99749.40927323682,-203.04052734375,-203.04052734375
2021-06-16,TSLA,SMAStrategy10,SELL,199.17999267578125,-48,99749.40927323682,,
2021-06-17,TSLA,SMAStrategy10,BUY,200.6300048828125,49,100895.96333512646,,
2021-06-21,GOOGL,SMAStrategy10,SELL,119.59686719825068,-82,101155.33540046115,,
2021-06-21,GOOGL,SMAStrategy10,TRADE_CLOSE,,0,101155.33540046115,83.70514129655922,83.70514129655922
2021-06-22,GOOGL,SMAStrategy10,BUY,120.83699476359855,83,101933.25679522651,,
2021-07-07,TSLA,SMAStrategy10,SELL,221.42333984375,-49,106958.91595965522,,
2021-07-07,TSLA,SMAStrategy10,TRADE_CLOSE,,0,106958.91595965522,1018.8734130859375,1018.8734130859375
2021-07-13,TSLA,SMAStrategy10,BUY,228.77333068847656,46,107192.77203112739,,
2021-07-14,TSLA,SMAStrategy10,SELL,223.5833282470703,-46,108176.93898516792,,
2021-07-14,TSLA,SMAStrategy10,TRADE_CLOSE,,0,108176.93898516792,-238.7401123046875,-238.7401123046875
2021-07-20,GOOGL,SMAStrategy10,TRADE_CLOSE,,0,106513.9934161006,311.18146480144196,311.18146480144196
2021-07-20,MSFT,SMAStrategy10,TRADE_CLOSE,,0,106513.9934161006,1081.5750121001088,1081.5750121001088
2021-07-20,AAPL,SMAStrategy10,TRADE_CLOSE,,0,106513.9934161006,1350.7800082843175,1350.7800082843175
2021-07-20,GOOGL,SMAStrategy10,SELL,124.58616903831471,-83,106513.9934161006,,
2021-07-20,MSFT,SMAStrategy10,SELL,268.01272587997516,-40,106513.9934161006,,
2021-07-20,AAPL,SMAStrategy10,SELL,140.09769861315104,-80,106513.9934161006,,
2021-07-21,AAPL,SMAStrategy10,BUY,142.11925230572658,74,106763.29792638503,,
2021-07-21,TSLA,SMAStrategy10,BUY,219.8699951171875,48,106763.29792638503,,
2021-07-22,AAPL,SMAStrategy10,SELL,142.51960651840406,-74,107577.45675997686,,
2021-07-22,MSFT,SMAStrategy10,BUY,273.61335579227523,39,107577.45675997686,,
2021-07-22,GOOGL,SMAStrategy10,BUY,126.88529680984055,84,107577.45675997686,,
2021-07-22,TSLA,SMAStrategy10,SELL,218.81333923339844,-48,107577.45675997686,,
2021-07-22,AAPL,SMAStrategy10,TRADE_CLOSE,,0,107577.45675997686,29.62621173813386,29.62621173813386
2021-07-22,TSLA,SMAStrategy10,TRADE_CLOSE,,0,107577.45675997686,-50.719482421875,-50.719482421875
2021-07-23,AAPL,SMAStrategy10,BUY,144.09187799846512,75,109351.87630437908,,
2021-07-27,TSLA,SMAStrategy10,BUY,221.13333129882812,49,108136.6498486906,,
2021-07-28,AAPL,SMAStrategy10,SELL,141.41609361273288,-75,108910.09785170123,,
2021-07-28,TSLA,SMAStrategy10,SELL,215.6666717529297,-49,108910.09785170123,,
2021-07-28,AAPL,SMAStrategy10,TRADE_CLOSE,,0,108910.09785170123,-200.6838289299182,-200.6838289299182
2021-07-28,TSLA,SMAStrategy10,TRADE_CLOSE,,0,108910.09785170123,-267.86631774902344,-267.86631774902344
2021-07-30,TSLA,SMAStrategy30,BUY,223.9199981689453,48,108977.92103285357,,
2021-07-30,TSLA,SMAStrategy10,BUY,223.9199981689453,48,108977.92103285357,,
2021-08-03,MSFT,SMAStrategy10,TRADE_CLOSE,,0,110233.74424825778,59.40047793320639,59.40047793320639
2021-08-03,MSFT,SMAStrategy10,SELL,275.13644497004975,-39,110233.74424825778,,
2021-08-04,AAPL,SMAStrategy10,BUY,143.81842770211748,76,110041.50995993787,,
2021-08-09,AAPL,SMAStrategy10,SELL,142.9874052395685,-76,110633.86519710992,,
2021-08-09,AAPL,SMAStrategy10,TRADE_CLOSE,,0,110633.86519710992,-63.15770715372298,-63.15770715372298
2021-08-10,AAPL,SMAStrategy10,BUY,143.22214257955443,77,110239.15795407993,,
2021-08-11,AAPL,SMAStrategy10,TRADE_CLOSE,,0,110130.17816229939,-29.36959096286708,-29.36959096286708
2021-08-11,AAPL,SMAStrategy10,SELL,142.84071932029642,-77,110130.17816229939,,
2021-08-13,AAPL,SMAStrategy10,BUY,145.69652128952967,76,111512.69637119943,,
2021-08-17,TSLA,SMAStrategy10,TRADE_CLOSE,,0,109892.48726475413,14.400146484375,14.400146484375
2021-08-17,TSLA,SMAStrategy10,SELL,224.22000122070312,-48,109892.48726475413,,
2021-08-18,TSLA,SMAStrategy30,SELL,223.25,-48,109016.43273987656,,
2021-08-18,GOOGL,SMAStrategy10,TRADE_CLOSE,,0,109016.43273987656,721.6515575001199,721.6515575001199
2021-08-18,TSLA,SMAStrategy30,TRADE_CLOSE,,0,109016.43273987656,-32.159912109375,-32.159912109375
2021-08-18,GOOGL,SMAStrategy10,SELL,135.47638678008008,-84,109016.43273987656,,
2021-08-19,AAPL,SMAStrategy30,SELL,141.8430932126771,-80,109244.89279631298,,
2021-08-19,TSLA,SMAStrategy30,BUY,226.07000732421875,47,109244.89279631298,,
2021-08-19,AAPL,SMAStrategy30,TRADE_CLOSE,,0,109244.89279631298,1361.5066643307,1361.5066643307
2021-08-19,AAPL,SMAStrategy10,TRADE_CLOSE,,0,109244.89279631298,-292.86053384079503,-292.86053384079503
2021-08-19,AAPL,SMAStrategy10,SELL,141.8430932126771,-76,109244.89279631298,,
2021-08-20,AAPL,SMAStrategy30,BUY,144.2001353891238,76,110329.22018068976,,
2021-08-20,TSLA,SMAStrategy30,SELL,227.61666870117188,-47,110329.22018068976,,
2021-08-20,TSLA,SMAStrategy30,TRADE_CLOSE,,0,110329.22018068976,72.69308471679688,72.69308471679688
2021-08-23,TSLA,SMAStrategy30,BUY,228.47999572753906,48,111507.66627013872,,
2021-08-23,GOOGL,SMAStrategy10,BUY,136.93486475189124,80,111507.66627013872,,
2021-08-23,AAPL,SMAStrategy10,BUY,145.0510124149276,76,111507.66627013872,,
2021-08-24,TSLA,SMAStrategy10,BUY,236.89332580566406,47,111640.8863171358,,
2021-08-26,AAPL,SMAStrategy10,TRADE_CLOSE,,0,110931.43239008178,2.9772959153996226,2.9772959153996226
2021-08-26,AAPL,SMAStrategy10,SELL,145.09018736118287,-76,110931.43239008178,,
2021-08-31,AAPL,SMAStrategy10,BUY,149.3054461965621,75,113307.5369105691,,
2021-09-09,GOOGL,SMAStrategy10,SELL,142.76182262055423,-80,113623.52422411971,,
2021-09-09,GOOGL,SMAStrategy10,TRADE_CLOSE,,0,113623.52422411971,466.15662949303896,466.15662949303896
2021-09-13,AAPL,SMAStrategy10,SELL,147.3200945733119,-75,112472.23962346424,,
2021-09-13,AAPL,SMAStrategy30,SELL,147.3200945733119,-76,112472.23962346424,,
2021-09-13,AAPL,SMAStrategy30,TRADE_CLOSE,,0,112472.23962346424,237.11689799829594,237.11689799829594
2021-09-13,AAPL,SMAStrategy10,TRADE_CLOSE,,0,112472.23962346424,-148.90137174376363,-148.90137174376363
2021-09-13,TSLA,SMAStrategy10,SELL,246.73666381835938,-47,112472.23962346424,,
2021-09-13,TSLA,SMAStrategy10,TRADE_CLOSE,,0,112472.23962346424,462.6368865966797,462.6368865966797
2021-09-14,AAPL,SMAStrategy30,BUY,147.0462435219262,76,112611.22867109568,,
2021-09-14,TSLA,SMAStrategy10,BUY,247.52333068847656,45,112611.22867109568,,
2021-09-15,MSFT,SMAStrategy10,BUY,292.89338425416526,38,113759.42533313933,,
2021-09-15,AAPL,SMAStrategy30,TRADE_CLOSE,,0,113759.42533313933,-133.05308185509307,-133.05308185509307
2021-09-15,AAPL,SMAStrategy30,SELL,145.29554507646444,-76,113759.42533313933,,
2021-09-16,GOOGL,SMAStrategy10,BUY,142.871012257135,79,113676.00388411278,,
2021-09-20,MSFT,SMAStrategy10,SELL,286.20019850680364,-38,110422.21349559352,,
2021-09-20,GOOGL,SMAStrategy10,SELL,137.12543075040233,-79,110422.21349559352,,
2021-09-20,MSFT,SMAStrategy10,TRADE_CLOSE,,0,110422.21349559352,-254.3410583997412,-254.3410583997412
2021-09-20,GOOGL,SMAStrategy10,TRADE_CLOSE,,0,110422.21349559352,-453.90093903188034,-453.90093903188034
2021-09-21,TSLA,SMAStrategy10,SELL,244.92999267578125,-45,110825.94535490191,,
2021-09-21,GOOGL,SMAStrategy30,TRADE_CLOSE,,0,110825.94535490191,2038.1950627108477,2038.1950627108477
2021-09-21,MSFT,SMAStrategy30,TRADE_CLOSE,,0,110825.94535490191,1784.3509582884963,1784.3509582884963
2021-09-21,GOOGL,SMAStrategy30,SELL,138.70152098037897,-86,110825.94535490191,,
2021-09-21,MSFT,SMAStrategy30,SELL,285.58212453468485,-40,110825.94535490191,,
2021-09-21,TSLA,SMAStrategy10,TRADE_CLOSE,,0,110825.94535490191,-116.70021057128906,-116.70021057128906
2021-09-23,MSFT,SMAStrategy30,BUY,288.63413359091027,38,111426.10493127935,,
2021-09-23,TSLA,SMAStrategy10,BUY,251.6666717529297,44,111426.10493127935,,
2021-09-24,GOOGL,SMAStrategy30,BUY,139.4846026662083,79,112302.45999366746,,
2021-09-24,MSFT,SMAStrategy10,BUY,288.0353256727739,38,112302.45999366746,,
2021-09-27,AAPL,SMAStrategy10,BUY,142.27343722725323,78,112070.96039927454,,
2021-09-27,GOOGL,SMAStrategy10,BUY,139.74860330168596,79,112070.96039927454,,
2021-09-28,GOOGL,SMAStrategy30,SELL,137.61522900485204,-79,110415.9148433185,,
2021-09-28,GOOGL,GoldenCrossStrategy1030,SELL,137.61522900485204,-84,110415.9148433185,,
2021-09-28,MSFT,GoldenCrossStrategy1030,TRADE_CLOSE,,0,110415.9148433185,1357.0675826083607,1357.0675826083607
2021-09-28,MSFT,SMAStrategy30,TRADE_CLOSE,,0,110415.9148433185,-332.1472404345932,-332.1472404345932
2021-09-28,MSFT,GoldenCrossStrategy1030,SELL,279.89341673736834,-40,110415.9148433185,,
2021-09-28,MSFT,SMAStrategy30,SELL,279.89341673736834,-38,110415.9148433185,,
2021-09-28,GOOGL,GoldenCrossStrategy1030,TRADE_CLOSE,,0,110415.9148433185,1661.899796754038,1661.899796754038
2021-09-28,GOOGL,SMAStrategy30,TRADE_CLOSE,,0,110415.9148433185,-147.68051924714482,-147.68051924714482
2021-09-28,GOOGL,SMAStrategy10,SELL,137.61522900485204,-79,110415.9148433185,,
2021-09-28,AAPL,SMAStrategy10,SELL,140.10222299723426,-78,110415.9148433185,,
2021-09-28,MSFT,SMAStrategy10,SELL,279.89341673736834,-38,110415.9148433185,,
2021-09-28,AAPL,SMAStrategy10,TRADE_CLOSE,,0,110415.9148433185,-169.35470994147897,-169.35470994147897
2021-09-28,MSFT,SMAStrategy10,TRADE_CLOSE,,0,110415.9148433185,-309.3925395454121,-309.3925395454121
2021-09-28,GOOGL,SMAStrategy10,TRADE_CLOSE,,0,110415.9148433185,-168.53656944987975,-168.53656944987975
2021-10-07,MSFT,SMAStrategy10,BUY,285.08948870249446,39,110922.12670802744,,
2021-10-07,GOOGL,SMAStrategy10,BUY,137.850443401675,80,110922.12670802744,,
2021-10-08,AAPL,SMAStrategy10,BUY,140.86509243785557,79,110630.30756827866,,
2021-10-13,GOOGL,SMAStrategy10,TRADE_CLOSE,,0,111152.59280661604,-118.26713819308452,-118.26713819308452
2021-10-13,AAPL,SMAStrategy10,SELL,138.13641006788947,-79,111152.59280661604,,
2021-10-13,GOOGL,SMAStrategy10,SELL,136.37210417426144,-80,111152.59280661604,,
2021-10-13,AAPL,SMAStrategy10,TRADE_CLOSE,,0,111152.59280661604,-215.56590722732145,-215.56590722732145
2021-10-14,GOOGL,SMAStrategy10,BUY,138.42808787011938,81,111881.93527293437,,
2021-10-14,MSFT,SMAStrategy30,BUY,288.9817603776688,38,111881.93527293437,,
2021-10-15,AAPL,SMAStrategy10,BUY,140.61082264449493,79,112829.07517702869,,
2021-10-15,GOOGL,SMAStrategy30,BUY,140.55251849051083,79,112829.07517702869,,
2021-10-19,AAPL,SMAStrategy30,BUY,143.77961939322623,79,114509.87910891784,,
2021-10-19,MSFT,GoldenCrossStrategy1030,BUY,297.80937465142074,38,114509.87910891784,,
2021-10-25,GOOGL,SMAStrategy30,SELL,136.51849946532073,-79,118501.88714958986,,
2021-10-25,GOOGL,SMAStrategy30,TRADE_CLOSE,,0,118501.88714958986,-318.6875029900183,-318.6875029900183
2021-10-25,GOOGL,SMAStrategy10,SELL,136.51849946532073,-81,118501.88714958986,,
2021-10-25,GOOGL,SMAStrategy10,TRADE_CLOSE,,0,118501.88714958986,-154.676660788691,-154.676660788691
2021-10-27,GOOGL,SMAStrategy30,BUY,138.35958967330268,85,121178.1955319978,,
2021-10-28,GOOGL,SMAStrategy10,BUY,146.03114674370437,83,122948.64004587385,,
2021-11-02,AAPL,SMAStrategy10,TRADE_CLOSE,,0,126267.34710944946,377.8195825950787,377.8195825950787
2021-11-02,AAPL,SMAStrategy10,SELL,145.39334900645795,-79,126267.34710944946,,
2021-11-03,AAPL,SMAStrategy10,BUY,147.08534391435344,86,128048.13076279554,,
2021-11-10,TSLA,SMAStrategy10,SELL,336.8033447265625,-44,121715.47468064222,,
2021-11-10,TSLA,SMAStrategy10,TRADE_CLOSE,,0,121715.47468064222,3746.0136108398438,3746.0136108398438
2021-11-11,GOOGL,SMAStrategy10,TRADE_CLOSE,,0,121903.13855950168,-53.13459000012418,-53.13459000012418
2021-11-11,AAPL,SMAStrategy10,SELL,145.89937206123298,-86,121903.13855950168,,
2021-11-11,MSFT,SMAStrategy10,SELL,319.92647604907563,-39,121903.13855950168,,
2021-11-11,GOOGL,SMAStrategy10,SELL,145.39097096057034,-83,121903.13855950168,,
2021-11-11,AAPL,SMAStrategy10,TRADE_CLOSE,,0,121903.13855950168,-101.99357936835986,-101.99357936835986
2021-11-11,MSFT,SMAStrategy10,TRADE_CLOSE,,0,121903.13855950168,1358.6425065166654,1358.6425065166654
2021-11-15,MSFT,SMAStrategy10,BUY,326.0014764927282,37,121640.66303284859,,
2021-11-15,GOOGL,SMAStrategy10,BUY,147.78388336285937,82,121640.66303284859,,
2021-11-15,AAPL,SMAStrategy10,BUY,147.28040751304476,83,121640.66303284859,,
2021-11-16,AAPL,SMAStrategy10,SELL,146.8592730453793,-83,122654.57728484848,,
2021-11-16,AAPL,SMAStrategy10,TRADE_CLOSE,,0,122654.57728484848,-34.95416081623381,-34.95416081623381
2021-11-17,AAPL,SMAStrategy10,BUY,147.89745943010328,82,123649.18685974895,,
2021-11-19,TSLA,SMAStrategy10,BUY,366.2900085449219,34,126546.15210022747,,
2021-11-23,GOOGL,SMAStrategy10,SELL,145.05698650074015,-82,124830.91848388874,,
2021-11-23,GOOGL,SMAStrategy10,TRADE_CLOSE,,0,124830.91848388874,-223.60554269377593,-223.60554269377593
2021-11-26,MSFT,SMAStrategy10,TRADE_CLOSE,,0,122353.39759970305,-92.13308582776665,-92.13308582776665
2021-11-26,MSFT,SMAStrategy10,SELL,323.51139309197777,-37,122353.39759970305,,
2021-11-29,TSLA,SMAStrategy10,TRADE_CLOSE,,0,124655.89327955554,24.026611328125,24.026611328125
2021-11-29,GOOGL,SMAStrategy30,SELL,142.92012308902753,-85,124655.89327955554,,
2021-11-29,TSLA,SMAStrategy10,SELL,366.9966735839844,-34,124655.89327955554,,
2021-11-29,GOOGL,SMAStrategy30,TRADE_CLOSE,,0,124655.89327955554,387.6453403366121,387.6453403366121
2021-11-30,GOOGL,SMAStrategy30,BUY,143.92106736043897,86,124872.59667820818,,
2021-11-30,TSLA,SMAStrategy10,BUY,381.4566650390625,32,124872.59667820818,,
2021-12-01,GOOGL,SMAStrategy30,SELL,142.92015005272097,-86,123604.04147239063,,
2021-12-01,GOOGL,SMAStrategy30,TRADE_CLOSE,,0,123604.04147239063,-86.07888846374783,-86.07888846374783
2021-12-02,TSLA,SMAStrategy10,SELL,366.35333251953125,-32,123278.29185386036,,
2021-12-02,TSLA,SMAStrategy10,TRADE_CLOSE,,0,123278.29185386036,-483.306640625,-483.306640625
2021-12-03,MSFT,SMAStrategy30,SELL,321.2278467405146,-38,122832.22871652334,,
2021-12-03,TSLA,SMAStrategy30,TRADE_CLOSE,,0,122832.22871652334,6389.600830078125,6389.600830078125
2021-12-03,MSFT,SMAStrategy30,TRADE_CLOSE,,0,122832.22871652334,1225.3512817881406,1225.3512817881406
2021-12-03,TSLA,SMAStrategy30,SELL,361.5966796875,-48,122832.22871652334,,
2021-12-08,GOOGL,SMAStrategy30,BUY,146.48966913877248,85,125446.8595524559,,
2021-12-08,MSFT,SMAStrategy30,BUY,324.44021120612,38,125446.8595524559,,
2021-12-08,MSFT,GoldenCrossStrategy1030,SELL,324.44021120612,-38,125446.8595524559,,
2021-12-08,MSFT,GoldenCrossStrategy1030,TRADE_CLOSE,,0,125446.8595524559,1011.9717890785723,1011.9717890785723
2021-12-08,MSFT,SMAStrategy10,BUY,324.44021120612,38,125446.8595524559,,
2021-12-08,GOOGL,SMAStrategy10,BUY,146.48966913877248,85,125446.8595524559,,
2021-12-10,MSFT,SMAStrategy30,SELL,324.12098743855466,-38,126383.46354484755,,
2021-12-10,MSFT,SMAStrategy30,TRADE_CLOSE,,0,126383.46354484755,-12.130503167483198,-12.130503167483198
2021-12-13,MSFT,SMAStrategy30,BUY,329.636149025462,38,125268.94343107432,,
2021-12-14,GOOGL,SMAStrategy30,SELL,142.88838224618928,-85,123914.55452429534,,
2021-12-14,GOOGL,SMAStrategy30,TRADE_CLOSE,,0,123914.55452429534,-306.1093858695723,-306.1093858695723
2021-12-15,GOOGL,SMAStrategy10,SELL,142.33355877435457,-85,124676.13399470525,,
2021-12-15,MSFT,SMAStrategy10,TRADE_CLOSE,,0,124676.13399470525,-246.34468685310742,-246.34468685310742
2021-12-15,MSFT,SMAStrategy30,TRADE_CLOSE,,0,124676.13399470525,-443.79032398810205,-443.79032398810205
2021-12-15,MSFT,SMAStrategy10,SELL,317.957456288933,-38,124676.13399470525,,
2021-12-15,MSFT,SMAStrategy30,SELL,317.957456288933,-38,124676.13399470525,,
2021-12-15,GOOGL,SMAStrategy10,TRADE_CLOSE,,0,124676.13399470525,-353.2693809755226,-353.2693809755226
2021-12-16,GOOGL,SMAStrategy30,BUY,146.0668412565775,85,122708.65874170899,,
2021-12-16,GOOGL,SMAStrategy10,BUY,146.0668412565775,85,122708.65874170899,,
2021-12-16,MSFT,SMAStrategy10,BUY,324.8272760169912,38,122708.65874170899,,
2021-12-17,GOOGL,SMAStrategy10,SELL,141.43136775160448,-85,121958.88046747289,,
2021-12-17,MSFT,SMAStrategy10,SELL,310.4780795572505,-38,121958.88046747289,,
2021-12-17,AAPL,SMAStrategy10,SELL,166.43849686489142,-82,121958.88046747289,,
2021-12-17,GOOGL,SMAStrategy30,TRADE_CLOSE,,0,121958.88046747289,-394.01524792270675,-394.01524792270675
2021-12-17,AAPL,SMAStrategy10,TRADE_CLOSE,,0,121958.88046747289,1520.3650696526272,1520.3650696526272
2021-12-17,GOOGL,SMAStrategy30,SELL,141.43136775160448,-85,121958.88046747289,,
2021-12-17,GOOGL,SMAStrategy10,TRADE_CLOSE,,0,121958.88046747289,-394.01524792270675,-394.01524792270675
2021-12-17,MSFT,SMAStrategy10,TRADE_CLOSE,,0,121958.88046747289,-545.269465470147,-545.269465470147
2021-12-23,AAPL,SMAStrategy10,BUY,172.23690795484498,71,123317.25588004879,,
2021-12-23,MSFT,SMAStrategy10,BUY,321.9632187915845,37,123317.25588004879,,
2021-12-23,GOOGL,SMAStrategy10,BUY,145.40139302599,84,123317.25588004879,,
2021-12-23,GOOGL,SMAStrategy30,BUY,145.40139302599,84,123317.25588004879,,
2021-12-23,MSFT,SMAStrategy30,BUY,321.9632187915845,37,123317.25588004879,,
2021-12-23,TSLA,SMAStrategy10,BUY,335.6000061035156,36,123317.25588004879,,
2021-12-27,TSLA,SMAStrategy30,BUY,357.8900146484375,34,125185.97774284176,,
